{
    "result": [
        {
            "cancelled": false,
            "cause": "CW",
            "heading": 3.4625,
            "location": [
                9.1631216,
                48.706751499999996
            ],
            "trace": [
                [
                    9.188132100000004,
                    48.67296369999998
                ],
                [
                    9.186603400000005,
                    48.67446589999998
                ],
                [
                    9.185156900000004,
                    48.67598979999998
                ]
            ],
            "ts": 1595931505001,
            "uuid": "18c71dcb-b33a-4480-bc6e-a58a89ed36b5"
        }
    ]
}
